model,metric,concept,block,attn,impact
ace,muqt_1_mean,drums,tf0,0,0.0
ace,muqt_1_mean,drums,tf1,0,0.0
ace,muqt_1_mean,drums,tf2,0,0.04
ace,muqt_1_mean,drums,tf3,0,0.04
ace,muqt_1_mean,drums,tf4,0,0.04
ace,muqt_1_mean,drums,tf5,0,0.16
ace,muqt_1_mean,drums,tf6,0,0.08
ace,muqt_1_mean,drums,tf7,0,0.8
ace,muqt_1_mean,drums,tf8,0,0.0
ace,muqt_1_mean,drums,tf9,0,0.0
ace,muqt_1_mean,drums,tf10,0,0.0
ace,muqt_1_mean,drums,tf11,0,0.0
ace,muqt_1_mean,drums,tf12,0,0.0
ace,muqt_1_mean,drums,tf13,0,0.0
ace,muqt_1_mean,drums,tf14,0,0.04
ace,muqt_1_mean,drums,tf15,0,0.04
ace,muqt_1_mean,drums,tf16,0,0.0
ace,muqt_1_mean,drums,tf17,0,0.0
ace,muqt_1_mean,drums,tf18,0,0.04
ace,muqt_1_mean,drums,tf19,0,0.04
ace,muqt_1_mean,drums,tf20,0,0.0
ace,muqt_1_mean,drums,tf21,0,0.08
ace,muqt_1_mean,drums,tf22,0,0.0
ace,muqt_1_mean,drums,tf23,0,0.0
ace,muqt_1_mean,fast,tf0,0,0.0
ace,muqt_1_mean,fast,tf1,0,0.0
ace,muqt_1_mean,fast,tf2,0,0.0
ace,muqt_1_mean,fast,tf3,0,0.083333
ace,muqt_1_mean,fast,tf4,0,0.0
ace,muqt_1_mean,fast,tf5,0,0.333333
ace,muqt_1_mean,fast,tf6,0,0.333333
ace,muqt_1_mean,fast,tf7,0,0.208333
ace,muqt_1_mean,fast,tf8,0,0.041667
ace,muqt_1_mean,fast,tf9,0,0.041667
ace,muqt_1_mean,fast,tf10,0,0.0
ace,muqt_1_mean,fast,tf11,0,0.0
ace,muqt_1_mean,fast,tf12,0,0.0
ace,muqt_1_mean,fast,tf13,0,0.0
ace,muqt_1_mean,fast,tf14,0,0.0
ace,muqt_1_mean,fast,tf15,0,0.0
ace,muqt_1_mean,fast,tf16,0,0.0
ace,muqt_1_mean,fast,tf17,0,0.0
ace,muqt_1_mean,fast,tf18,0,0.0
ace,muqt_1_mean,fast,tf19,0,0.0
ace,muqt_1_mean,fast,tf20,0,0.0
ace,muqt_1_mean,fast,tf21,0,0.0
ace,muqt_1_mean,fast,tf22,0,0.0
ace,muqt_1_mean,fast,tf23,0,0.0
ace,clap_1_mean,female,tf0,0,0.012987
ace,clap_1_mean,female,tf1,0,0.0
ace,clap_1_mean,female,tf2,0,0.0
ace,clap_1_mean,female,tf3,0,0.0
ace,clap_1_mean,female,tf4,0,0.0
ace,clap_1_mean,female,tf5,0,0.0
ace,clap_1_mean,female,tf6,0,0.480519
ace,clap_1_mean,female,tf7,0,0.116883
ace,clap_1_mean,female,tf8,0,0.0
ace,clap_1_mean,female,tf9,0,0.0
ace,clap_1_mean,female,tf10,0,0.0
ace,clap_1_mean,female,tf11,0,0.0
ace,clap_1_mean,female,tf12,0,0.0
ace,clap_1_mean,female,tf13,0,0.0
ace,clap_1_mean,female,tf14,0,0.0
ace,clap_1_mean,female,tf15,0,0.0
ace,clap_1_mean,female,tf16,0,0.0
ace,clap_1_mean,female,tf17,0,0.0
ace,clap_1_mean,female,tf18,0,0.0
ace,clap_1_mean,female,tf19,0,0.012987
ace,clap_1_mean,female,tf20,0,0.0
ace,clap_1_mean,female,tf21,0,0.0
ace,clap_1_mean,female,tf22,0,0.0
ace,clap_1_mean,female,tf23,0,0.0
ace,muqt_1_mean,happy,tf0,0,0.0
ace,muqt_1_mean,happy,tf1,0,0.0
ace,muqt_1_mean,happy,tf2,0,0.0
ace,muqt_1_mean,happy,tf3,0,0.0
ace,muqt_1_mean,happy,tf4,0,0.0
ace,muqt_1_mean,happy,tf5,0,0.0
ace,muqt_1_mean,happy,tf6,0,0.454545
ace,muqt_1_mean,happy,tf7,0,0.454545
ace,muqt_1_mean,happy,tf8,0,0.0
ace,muqt_1_mean,happy,tf9,0,0.0
ace,muqt_1_mean,happy,tf10,0,0.0
ace,muqt_1_mean,happy,tf11,0,0.0
ace,muqt_1_mean,happy,tf12,0,0.0
ace,muqt_1_mean,happy,tf13,0,0.090909
ace,muqt_1_mean,happy,tf14,0,0.181818
ace,muqt_1_mean,happy,tf15,0,0.0
ace,muqt_1_mean,happy,tf16,0,0.0
ace,muqt_1_mean,happy,tf17,0,0.0
ace,muqt_1_mean,happy,tf18,0,0.0
ace,muqt_1_mean,happy,tf19,0,0.0
ace,muqt_1_mean,happy,tf20,0,0.0
ace,muqt_1_mean,happy,tf21,0,0.0
ace,muqt_1_mean,happy,tf22,0,0.0
ace,muqt_1_mean,happy,tf23,0,0.0
ace,muqt_1_mean,jazz,tf0,0,0.012987
ace,muqt_1_mean,jazz,tf1,0,0.025974
ace,muqt_1_mean,jazz,tf2,0,0.051948
ace,muqt_1_mean,jazz,tf3,0,0.038961
ace,muqt_1_mean,jazz,tf4,0,0.025974
ace,muqt_1_mean,jazz,tf5,0,0.012987
ace,muqt_1_mean,jazz,tf6,0,0.428571
ace,muqt_1_mean,jazz,tf7,0,0.506494
ace,muqt_1_mean,jazz,tf8,0,0.025974
ace,muqt_1_mean,jazz,tf9,0,0.0
ace,muqt_1_mean,jazz,tf10,0,0.0
ace,muqt_1_mean,jazz,tf11,0,0.0
ace,muqt_1_mean,jazz,tf12,0,0.0
ace,muqt_1_mean,jazz,tf13,0,0.0
ace,muqt_1_mean,jazz,tf14,0,0.0
ace,muqt_1_mean,jazz,tf15,0,0.012987
ace,muqt_1_mean,jazz,tf16,0,0.0
ace,muqt_1_mean,jazz,tf17,0,0.0
ace,muqt_1_mean,jazz,tf18,0,0.0
ace,muqt_1_mean,jazz,tf19,0,0.0
ace,muqt_1_mean,jazz,tf20,0,0.0
ace,muqt_1_mean,jazz,tf21,0,0.012987
ace,muqt_1_mean,jazz,tf22,0,0.012987
ace,muqt_1_mean,jazz,tf23,0,0.0
ace,clap_1_mean,male,tf0,0,0.0
ace,clap_1_mean,male,tf1,0,0.0
ace,clap_1_mean,male,tf2,0,0.0
ace,clap_1_mean,male,tf3,0,0.0
ace,clap_1_mean,male,tf4,0,0.0
ace,clap_1_mean,male,tf5,0,0.0
ace,clap_1_mean,male,tf6,0,0.425532
ace,clap_1_mean,male,tf7,0,0.680851
ace,clap_1_mean,male,tf8,0,0.0
ace,clap_1_mean,male,tf9,0,0.0
ace,clap_1_mean,male,tf10,0,0.0
ace,clap_1_mean,male,tf11,0,0.0
ace,clap_1_mean,male,tf12,0,0.0
ace,clap_1_mean,male,tf13,0,0.0
ace,clap_1_mean,male,tf14,0,0.0
ace,clap_1_mean,male,tf15,0,0.0
ace,clap_1_mean,male,tf16,0,0.0
ace,clap_1_mean,male,tf17,0,0.0
ace,clap_1_mean,male,tf18,0,0.0
ace,clap_1_mean,male,tf19,0,0.0
ace,clap_1_mean,male,tf20,0,0.0
ace,clap_1_mean,male,tf21,0,0.0
ace,clap_1_mean,male,tf22,0,0.0
ace,clap_1_mean,male,tf23,0,0.0
ace,muqt_1_mean,reggae,tf0,0,0.0
ace,muqt_1_mean,reggae,tf1,0,0.007874
ace,muqt_1_mean,reggae,tf2,0,0.007874
ace,muqt_1_mean,reggae,tf3,0,0.007874
ace,muqt_1_mean,reggae,tf4,0,0.007874
ace,muqt_1_mean,reggae,tf5,0,0.015748
ace,muqt_1_mean,reggae,tf6,0,0.023622
ace,muqt_1_mean,reggae,tf7,0,0.606299
ace,muqt_1_mean,reggae,tf8,0,0.0
ace,muqt_1_mean,reggae,tf9,0,0.0
ace,muqt_1_mean,reggae,tf10,0,0.0
ace,muqt_1_mean,reggae,tf11,0,0.0
ace,muqt_1_mean,reggae,tf12,0,0.0
ace,muqt_1_mean,reggae,tf13,0,0.0
ace,muqt_1_mean,reggae,tf14,0,0.007874
ace,muqt_1_mean,reggae,tf15,0,0.0
ace,muqt_1_mean,reggae,tf16,0,0.0
ace,muqt_1_mean,reggae,tf17,0,0.0
ace,muqt_1_mean,reggae,tf18,0,0.007874
ace,muqt_1_mean,reggae,tf19,0,0.0
ace,muqt_1_mean,reggae,tf20,0,0.0
ace,muqt_1_mean,reggae,tf21,0,0.0
ace,muqt_1_mean,reggae,tf22,0,0.0
ace,muqt_1_mean,reggae,tf23,0,0.0
ace,muqt_2_mean,sad,tf0,0,0.0
ace,muqt_2_mean,sad,tf1,0,0.0
ace,muqt_2_mean,sad,tf2,0,0.0
ace,muqt_2_mean,sad,tf3,0,0.04
ace,muqt_2_mean,sad,tf4,0,0.0
ace,muqt_2_mean,sad,tf5,0,0.0
ace,muqt_2_mean,sad,tf6,0,0.08
ace,muqt_2_mean,sad,tf7,0,0.4
ace,muqt_2_mean,sad,tf8,0,0.0
ace,muqt_2_mean,sad,tf9,0,0.0
ace,muqt_2_mean,sad,tf10,0,0.0
ace,muqt_2_mean,sad,tf11,0,0.0
ace,muqt_2_mean,sad,tf12,0,0.0
ace,muqt_2_mean,sad,tf13,0,0.2
ace,muqt_2_mean,sad,tf14,0,0.12
ace,muqt_2_mean,sad,tf15,0,0.0
ace,muqt_2_mean,sad,tf16,0,0.0
ace,muqt_2_mean,sad,tf17,0,0.0
ace,muqt_2_mean,sad,tf18,0,0.0
ace,muqt_2_mean,sad,tf19,0,0.0
ace,muqt_2_mean,sad,tf20,0,0.0
ace,muqt_2_mean,sad,tf21,0,0.0
ace,muqt_2_mean,sad,tf22,0,0.0
ace,muqt_2_mean,sad,tf23,0,0.0
ace,muqt_2_mean,slow,tf0,0,0.055556
ace,muqt_2_mean,slow,tf1,0,0.055556
ace,muqt_2_mean,slow,tf2,0,0.0
ace,muqt_2_mean,slow,tf3,0,0.055556
ace,muqt_2_mean,slow,tf4,0,0.055556
ace,muqt_2_mean,slow,tf5,0,0.333333
ace,muqt_2_mean,slow,tf6,0,0.611111
ace,muqt_2_mean,slow,tf7,0,0.111111
ace,muqt_2_mean,slow,tf8,0,0.055556
ace,muqt_2_mean,slow,tf9,0,0.0
ace,muqt_2_mean,slow,tf10,0,0.0
ace,muqt_2_mean,slow,tf11,0,0.0
ace,muqt_2_mean,slow,tf12,0,0.055556
ace,muqt_2_mean,slow,tf13,0,0.055556
ace,muqt_2_mean,slow,tf14,0,0.0
ace,muqt_2_mean,slow,tf15,0,0.055556
ace,muqt_2_mean,slow,tf16,0,0.0
ace,muqt_2_mean,slow,tf17,0,0.055556
ace,muqt_2_mean,slow,tf18,0,0.0
ace,muqt_2_mean,slow,tf19,0,0.055556
ace,muqt_2_mean,slow,tf20,0,0.0
ace,muqt_2_mean,slow,tf21,0,0.055556
ace,muqt_2_mean,slow,tf22,0,0.0
ace,muqt_2_mean,slow,tf23,0,0.0
ace,muqt_1_mean,violin,tf0,0,0.0
ace,muqt_1_mean,violin,tf1,0,0.0
ace,muqt_1_mean,violin,tf2,0,0.028571
ace,muqt_1_mean,violin,tf3,0,0.0
ace,muqt_1_mean,violin,tf4,0,0.0
ace,muqt_1_mean,violin,tf5,0,0.085714
ace,muqt_1_mean,violin,tf6,0,0.0
ace,muqt_1_mean,violin,tf7,0,1.0
ace,muqt_1_mean,violin,tf8,0,0.0
ace,muqt_1_mean,violin,tf9,0,0.0
ace,muqt_1_mean,violin,tf10,0,0.0
ace,muqt_1_mean,violin,tf11,0,0.0
ace,muqt_1_mean,violin,tf12,0,0.0
ace,muqt_1_mean,violin,tf13,0,0.0
ace,muqt_1_mean,violin,tf14,0,0.0
ace,muqt_1_mean,violin,tf15,0,0.0
ace,muqt_1_mean,violin,tf16,0,0.0
ace,muqt_1_mean,violin,tf17,0,0.0
ace,muqt_1_mean,violin,tf18,0,0.0
ace,muqt_1_mean,violin,tf19,0,0.0
ace,muqt_1_mean,violin,tf20,0,0.0
ace,muqt_1_mean,violin,tf21,0,0.0
ace,muqt_1_mean,violin,tf22,0,0.0
ace,muqt_1_mean,violin,tf23,0,0.0
audioldm2,clap_1_mean,fast,down1tf1,0,0.0
audioldm2,clap_1_mean,fast,down1tf1,1,0.0
audioldm2,clap_1_mean,fast,down1tf2,0,0.0
audioldm2,clap_1_mean,fast,down1tf2,1,0.0
audioldm2,clap_1_mean,fast,down1tf5,0,0.0
audioldm2,clap_1_mean,fast,down1tf5,1,0.0
audioldm2,clap_1_mean,fast,down1tf6,0,0.0
audioldm2,clap_1_mean,fast,down1tf6,1,0.0
audioldm2,clap_1_mean,fast,down2tf1,0,0.0
audioldm2,clap_1_mean,fast,down2tf1,1,0.0
audioldm2,clap_1_mean,fast,down2tf2,0,0.0
audioldm2,clap_1_mean,fast,down2tf2,1,0.0
audioldm2,clap_1_mean,fast,down2tf5,0,0.0
audioldm2,clap_1_mean,fast,down2tf5,1,0.0
audioldm2,clap_1_mean,fast,down2tf6,0,0.0
audioldm2,clap_1_mean,fast,down2tf6,1,0.0
audioldm2,clap_1_mean,fast,down3tf1,0,0.0
audioldm2,clap_1_mean,fast,down3tf1,1,0.0
audioldm2,clap_1_mean,fast,down3tf2,0,0.0
audioldm2,clap_1_mean,fast,down3tf2,1,0.0
audioldm2,clap_1_mean,fast,down3tf5,0,0.0
audioldm2,clap_1_mean,fast,down3tf5,1,0.0
audioldm2,clap_1_mean,fast,down3tf6,0,0.0
audioldm2,clap_1_mean,fast,down3tf6,1,0.0
audioldm2,clap_1_mean,fast,midtf1,0,0.0
audioldm2,clap_1_mean,fast,midtf1,1,0.0
audioldm2,clap_1_mean,fast,midtf2,0,0.0
audioldm2,clap_1_mean,fast,midtf2,1,0.0
audioldm2,clap_1_mean,fast,up0tf1,0,0.0
audioldm2,clap_1_mean,fast,up0tf1,1,0.0
audioldm2,clap_1_mean,fast,up0tf2,0,0.0
audioldm2,clap_1_mean,fast,up0tf2,1,0.0
audioldm2,clap_1_mean,fast,up0tf5,0,0.0
audioldm2,clap_1_mean,fast,up0tf5,1,0.0
audioldm2,clap_1_mean,fast,up0tf6,0,0.0
audioldm2,clap_1_mean,fast,up0tf6,1,0.0
audioldm2,clap_1_mean,fast,up0tf9,0,0.0
audioldm2,clap_1_mean,fast,up0tf9,1,0.0
audioldm2,clap_1_mean,fast,up0tf10,0,0.0
audioldm2,clap_1_mean,fast,up0tf10,1,0.0
audioldm2,clap_1_mean,fast,up1tf1,0,0.014286
audioldm2,clap_1_mean,fast,up1tf1,1,0.014286
audioldm2,clap_1_mean,fast,up1tf2,0,0.042857
audioldm2,clap_1_mean,fast,up1tf2,1,0.042857
audioldm2,clap_1_mean,fast,up1tf5,0,0.542857
audioldm2,clap_1_mean,fast,up1tf5,1,0.157143
audioldm2,clap_1_mean,fast,up1tf6,0,0.042857
audioldm2,clap_1_mean,fast,up1tf6,1,0.042857
audioldm2,clap_1_mean,fast,up1tf9,0,0.157143
audioldm2,clap_1_mean,fast,up1tf9,1,0.157143
audioldm2,clap_1_mean,fast,up1tf10,0,0.1
audioldm2,clap_1_mean,fast,up1tf10,1,0.1
audioldm2,clap_1_mean,fast,up2tf1,0,0.042857
audioldm2,clap_1_mean,fast,up2tf1,1,0.042857
audioldm2,clap_1_mean,fast,up2tf2,0,0.042857
audioldm2,clap_1_mean,fast,up2tf2,1,0.042857
audioldm2,clap_1_mean,fast,up2tf5,0,0.042857
audioldm2,clap_1_mean,fast,up2tf5,1,0.042857
audioldm2,clap_1_mean,fast,up2tf6,0,0.042857
audioldm2,clap_1_mean,fast,up2tf6,1,0.042857
audioldm2,clap_1_mean,fast,up2tf9,0,0.042857
audioldm2,clap_1_mean,fast,up2tf9,1,0.042857
audioldm2,clap_1_mean,fast,up2tf10,0,0.042857
audioldm2,clap_1_mean,fast,up2tf10,1,0.042857
audioldm2,clap_1_mean,female,down1tf1,0,0.052632
audioldm2,clap_1_mean,female,down1tf1,1,0.052632
audioldm2,clap_1_mean,female,down1tf2,0,0.052632
audioldm2,clap_1_mean,female,down1tf2,1,0.052632
audioldm2,clap_1_mean,female,down1tf5,0,0.052632
audioldm2,clap_1_mean,female,down1tf5,1,0.052632
audioldm2,clap_1_mean,female,down1tf6,0,0.052632
audioldm2,clap_1_mean,female,down1tf6,1,0.052632
audioldm2,clap_1_mean,female,down2tf1,0,0.026316
audioldm2,clap_1_mean,female,down2tf1,1,0.026316
audioldm2,clap_1_mean,female,down2tf2,0,0.026316
audioldm2,clap_1_mean,female,down2tf2,1,0.026316
audioldm2,clap_1_mean,female,down2tf5,0,0.026316
audioldm2,clap_1_mean,female,down2tf5,1,0.026316
audioldm2,clap_1_mean,female,down2tf6,0,0.026316
audioldm2,clap_1_mean,female,down2tf6,1,0.026316
audioldm2,clap_1_mean,female,down3tf1,0,0.026316
audioldm2,clap_1_mean,female,down3tf1,1,0.026316
audioldm2,clap_1_mean,female,down3tf2,0,0.026316
audioldm2,clap_1_mean,female,down3tf2,1,0.026316
audioldm2,clap_1_mean,female,down3tf5,0,0.026316
audioldm2,clap_1_mean,female,down3tf5,1,0.026316
audioldm2,clap_1_mean,female,down3tf6,0,0.026316
audioldm2,clap_1_mean,female,down3tf6,1,0.026316
audioldm2,clap_1_mean,female,midtf1,0,0.0
audioldm2,clap_1_mean,female,midtf1,1,0.0
audioldm2,clap_1_mean,female,midtf2,0,0.0
audioldm2,clap_1_mean,female,midtf2,1,0.0
audioldm2,clap_1_mean,female,up0tf1,0,0.026316
audioldm2,clap_1_mean,female,up0tf1,1,0.026316
audioldm2,clap_1_mean,female,up0tf2,0,0.026316
audioldm2,clap_1_mean,female,up0tf2,1,0.026316
audioldm2,clap_1_mean,female,up0tf5,0,0.026316
audioldm2,clap_1_mean,female,up0tf5,1,0.026316
audioldm2,clap_1_mean,female,up0tf6,0,0.026316
audioldm2,clap_1_mean,female,up0tf6,1,0.026316
audioldm2,clap_1_mean,female,up0tf9,0,0.026316
audioldm2,clap_1_mean,female,up0tf9,1,0.026316
audioldm2,clap_1_mean,female,up0tf10,0,0.026316
audioldm2,clap_1_mean,female,up0tf10,1,0.026316
audioldm2,clap_1_mean,female,up1tf1,0,0.026316
audioldm2,clap_1_mean,female,up1tf1,1,0.026316
audioldm2,clap_1_mean,female,up1tf2,0,0.026316
audioldm2,clap_1_mean,female,up1tf2,1,0.026316
audioldm2,clap_1_mean,female,up1tf5,0,0.236842
audioldm2,clap_1_mean,female,up1tf5,1,0.078947
audioldm2,clap_1_mean,female,up1tf6,0,0.026316
audioldm2,clap_1_mean,female,up1tf6,1,0.026316
audioldm2,clap_1_mean,female,up1tf9,0,0.026316
audioldm2,clap_1_mean,female,up1tf9,1,0.026316
audioldm2,clap_1_mean,female,up1tf10,0,0.473684
audioldm2,clap_1_mean,female,up1tf10,1,0.0
audioldm2,clap_1_mean,female,up2tf1,0,0.026316
audioldm2,clap_1_mean,female,up2tf1,1,0.026316
audioldm2,clap_1_mean,female,up2tf2,0,0.026316
audioldm2,clap_1_mean,female,up2tf2,1,0.026316
audioldm2,clap_1_mean,female,up2tf5,0,0.026316
audioldm2,clap_1_mean,female,up2tf5,1,0.026316
audioldm2,clap_1_mean,female,up2tf6,0,0.026316
audioldm2,clap_1_mean,female,up2tf6,1,0.026316
audioldm2,clap_1_mean,female,up2tf9,0,0.026316
audioldm2,clap_1_mean,female,up2tf9,1,0.026316
audioldm2,clap_1_mean,female,up2tf10,0,0.026316
audioldm2,clap_1_mean,female,up2tf10,1,0.026316
audioldm2,clap_1_mean,flute,down1tf1,0,0.0
audioldm2,clap_1_mean,flute,down1tf1,1,0.0
audioldm2,clap_1_mean,flute,down1tf2,0,0.0
audioldm2,clap_1_mean,flute,down1tf2,1,0.0
audioldm2,clap_1_mean,flute,down1tf5,0,0.0
audioldm2,clap_1_mean,flute,down1tf5,1,0.0
audioldm2,clap_1_mean,flute,down1tf6,0,0.0
audioldm2,clap_1_mean,flute,down1tf6,1,0.0
audioldm2,clap_1_mean,flute,down2tf1,0,0.0
audioldm2,clap_1_mean,flute,down2tf1,1,0.0
audioldm2,clap_1_mean,flute,down2tf2,0,0.0
audioldm2,clap_1_mean,flute,down2tf2,1,0.0
audioldm2,clap_1_mean,flute,down2tf5,0,0.0
audioldm2,clap_1_mean,flute,down2tf5,1,0.0
audioldm2,clap_1_mean,flute,down2tf6,0,0.0
audioldm2,clap_1_mean,flute,down2tf6,1,0.0
audioldm2,clap_1_mean,flute,down3tf1,0,0.0
audioldm2,clap_1_mean,flute,down3tf1,1,0.0
audioldm2,clap_1_mean,flute,down3tf2,0,0.0
audioldm2,clap_1_mean,flute,down3tf2,1,0.0
audioldm2,clap_1_mean,flute,down3tf5,0,0.0
audioldm2,clap_1_mean,flute,down3tf5,1,0.0
audioldm2,clap_1_mean,flute,down3tf6,0,0.0
audioldm2,clap_1_mean,flute,down3tf6,1,0.0
audioldm2,clap_1_mean,flute,midtf1,0,0.0
audioldm2,clap_1_mean,flute,midtf1,1,0.0
audioldm2,clap_1_mean,flute,midtf2,0,0.0
audioldm2,clap_1_mean,flute,midtf2,1,0.0
audioldm2,clap_1_mean,flute,up0tf1,0,0.0
audioldm2,clap_1_mean,flute,up0tf1,1,0.0
audioldm2,clap_1_mean,flute,up0tf2,0,0.0
audioldm2,clap_1_mean,flute,up0tf2,1,0.0
audioldm2,clap_1_mean,flute,up0tf5,0,0.0
audioldm2,clap_1_mean,flute,up0tf5,1,0.0
audioldm2,clap_1_mean,flute,up0tf6,0,0.0
audioldm2,clap_1_mean,flute,up0tf6,1,0.0
audioldm2,clap_1_mean,flute,up0tf9,0,0.0
audioldm2,clap_1_mean,flute,up0tf9,1,0.0
audioldm2,clap_1_mean,flute,up0tf10,0,0.0
audioldm2,clap_1_mean,flute,up0tf10,1,0.0
audioldm2,clap_1_mean,flute,up1tf1,0,0.0
audioldm2,clap_1_mean,flute,up1tf1,1,0.0
audioldm2,clap_1_mean,flute,up1tf2,0,0.007092
audioldm2,clap_1_mean,flute,up1tf2,1,0.007092
audioldm2,clap_1_mean,flute,up1tf5,0,0.234043
audioldm2,clap_1_mean,flute,up1tf5,1,0.085106
audioldm2,clap_1_mean,flute,up1tf6,0,0.007092
audioldm2,clap_1_mean,flute,up1tf6,1,0.007092
audioldm2,clap_1_mean,flute,up1tf9,0,0.049645
audioldm2,clap_1_mean,flute,up1tf9,1,0.049645
audioldm2,clap_1_mean,flute,up1tf10,0,0.453901
audioldm2,clap_1_mean,flute,up1tf10,1,0.0
audioldm2,clap_1_mean,flute,up2tf1,0,0.0
audioldm2,clap_1_mean,flute,up2tf1,1,0.0
audioldm2,clap_1_mean,flute,up2tf2,0,0.0
audioldm2,clap_1_mean,flute,up2tf2,1,0.0
audioldm2,clap_1_mean,flute,up2tf5,0,0.0
audioldm2,clap_1_mean,flute,up2tf5,1,0.0
audioldm2,clap_1_mean,flute,up2tf6,0,0.0
audioldm2,clap_1_mean,flute,up2tf6,1,0.0
audioldm2,clap_1_mean,flute,up2tf9,0,0.0
audioldm2,clap_1_mean,flute,up2tf9,1,0.0
audioldm2,clap_1_mean,flute,up2tf10,0,0.0
audioldm2,clap_1_mean,flute,up2tf10,1,0.0
audioldm2,clap_1_mean,happy,down1tf1,0,0.0
audioldm2,clap_1_mean,happy,down1tf1,1,0.0
audioldm2,clap_1_mean,happy,down1tf2,0,0.0
audioldm2,clap_1_mean,happy,down1tf2,1,0.0
audioldm2,clap_1_mean,happy,down1tf5,0,0.0
audioldm2,clap_1_mean,happy,down1tf5,1,0.0
audioldm2,clap_1_mean,happy,down1tf6,0,0.0
audioldm2,clap_1_mean,happy,down1tf6,1,0.0
audioldm2,clap_1_mean,happy,down2tf1,0,0.0
audioldm2,clap_1_mean,happy,down2tf1,1,0.0
audioldm2,clap_1_mean,happy,down2tf2,0,0.0
audioldm2,clap_1_mean,happy,down2tf2,1,0.0
audioldm2,clap_1_mean,happy,down2tf5,0,0.0
audioldm2,clap_1_mean,happy,down2tf5,1,0.0
audioldm2,clap_1_mean,happy,down2tf6,0,0.0
audioldm2,clap_1_mean,happy,down2tf6,1,0.0
audioldm2,clap_1_mean,happy,down3tf1,0,0.0
audioldm2,clap_1_mean,happy,down3tf1,1,0.0
audioldm2,clap_1_mean,happy,down3tf2,0,0.0
audioldm2,clap_1_mean,happy,down3tf2,1,0.0
audioldm2,clap_1_mean,happy,down3tf5,0,0.0
audioldm2,clap_1_mean,happy,down3tf5,1,0.0
audioldm2,clap_1_mean,happy,down3tf6,0,0.0
audioldm2,clap_1_mean,happy,down3tf6,1,0.0
audioldm2,clap_1_mean,happy,midtf1,0,0.0
audioldm2,clap_1_mean,happy,midtf1,1,0.0
audioldm2,clap_1_mean,happy,midtf2,0,0.0
audioldm2,clap_1_mean,happy,midtf2,1,0.0
audioldm2,clap_1_mean,happy,up0tf1,0,0.0
audioldm2,clap_1_mean,happy,up0tf1,1,0.0
audioldm2,clap_1_mean,happy,up0tf2,0,0.0
audioldm2,clap_1_mean,happy,up0tf2,1,0.0
audioldm2,clap_1_mean,happy,up0tf5,0,0.0
audioldm2,clap_1_mean,happy,up0tf5,1,0.0
audioldm2,clap_1_mean,happy,up0tf6,0,0.0
audioldm2,clap_1_mean,happy,up0tf6,1,0.0
audioldm2,clap_1_mean,happy,up0tf9,0,0.0
audioldm2,clap_1_mean,happy,up0tf9,1,0.0
audioldm2,clap_1_mean,happy,up0tf10,0,0.0
audioldm2,clap_1_mean,happy,up0tf10,1,0.0
audioldm2,clap_1_mean,happy,up1tf1,0,0.071429
audioldm2,clap_1_mean,happy,up1tf1,1,0.071429
audioldm2,clap_1_mean,happy,up1tf2,0,0.071429
audioldm2,clap_1_mean,happy,up1tf2,1,0.071429
audioldm2,clap_1_mean,happy,up1tf5,0,0.5
audioldm2,clap_1_mean,happy,up1tf5,1,0.142857
audioldm2,clap_1_mean,happy,up1tf6,0,0.142857
audioldm2,clap_1_mean,happy,up1tf6,1,0.142857
audioldm2,clap_1_mean,happy,up1tf9,0,0.071429
audioldm2,clap_1_mean,happy,up1tf9,1,0.071429
audioldm2,clap_1_mean,happy,up1tf10,0,0.357143
audioldm2,clap_1_mean,happy,up1tf10,1,0.0
audioldm2,clap_1_mean,happy,up2tf1,0,0.0
audioldm2,clap_1_mean,happy,up2tf1,1,0.0
audioldm2,clap_1_mean,happy,up2tf2,0,0.0
audioldm2,clap_1_mean,happy,up2tf2,1,0.0
audioldm2,clap_1_mean,happy,up2tf5,0,0.0
audioldm2,clap_1_mean,happy,up2tf5,1,0.0
audioldm2,clap_1_mean,happy,up2tf6,0,0.0
audioldm2,clap_1_mean,happy,up2tf6,1,0.0
audioldm2,clap_1_mean,happy,up2tf9,0,0.0
audioldm2,clap_1_mean,happy,up2tf9,1,0.0
audioldm2,clap_1_mean,happy,up2tf10,0,0.0
audioldm2,clap_1_mean,happy,up2tf10,1,0.0
audioldm2,clap_1_mean,jazz,down1tf1,0,0.0
audioldm2,clap_1_mean,jazz,down1tf1,1,0.0
audioldm2,clap_1_mean,jazz,down1tf2,0,0.0
audioldm2,clap_1_mean,jazz,down1tf2,1,0.0
audioldm2,clap_1_mean,jazz,down1tf5,0,0.0
audioldm2,clap_1_mean,jazz,down1tf5,1,0.0
audioldm2,clap_1_mean,jazz,down1tf6,0,0.0
audioldm2,clap_1_mean,jazz,down1tf6,1,0.0
audioldm2,clap_1_mean,jazz,down2tf1,0,0.0
audioldm2,clap_1_mean,jazz,down2tf1,1,0.0
audioldm2,clap_1_mean,jazz,down2tf2,0,0.0
audioldm2,clap_1_mean,jazz,down2tf2,1,0.0
audioldm2,clap_1_mean,jazz,down2tf5,0,0.0
audioldm2,clap_1_mean,jazz,down2tf5,1,0.0
audioldm2,clap_1_mean,jazz,down2tf6,0,0.0
audioldm2,clap_1_mean,jazz,down2tf6,1,0.0
audioldm2,clap_1_mean,jazz,down3tf1,0,0.0
audioldm2,clap_1_mean,jazz,down3tf1,1,0.0
audioldm2,clap_1_mean,jazz,down3tf2,0,0.0
audioldm2,clap_1_mean,jazz,down3tf2,1,0.0
audioldm2,clap_1_mean,jazz,down3tf5,0,0.0
audioldm2,clap_1_mean,jazz,down3tf5,1,0.0
audioldm2,clap_1_mean,jazz,down3tf6,0,0.0
audioldm2,clap_1_mean,jazz,down3tf6,1,0.0
audioldm2,clap_1_mean,jazz,midtf1,0,0.0
audioldm2,clap_1_mean,jazz,midtf1,1,0.0
audioldm2,clap_1_mean,jazz,midtf2,0,0.0
audioldm2,clap_1_mean,jazz,midtf2,1,0.0
audioldm2,clap_1_mean,jazz,up0tf1,0,0.0
audioldm2,clap_1_mean,jazz,up0tf1,1,0.0
audioldm2,clap_1_mean,jazz,up0tf2,0,0.0
audioldm2,clap_1_mean,jazz,up0tf2,1,0.0
audioldm2,clap_1_mean,jazz,up0tf5,0,0.0
audioldm2,clap_1_mean,jazz,up0tf5,1,0.0
audioldm2,clap_1_mean,jazz,up0tf6,0,0.0
audioldm2,clap_1_mean,jazz,up0tf6,1,0.0
audioldm2,clap_1_mean,jazz,up0tf9,0,0.0
audioldm2,clap_1_mean,jazz,up0tf9,1,0.0
audioldm2,clap_1_mean,jazz,up0tf10,0,0.0
audioldm2,clap_1_mean,jazz,up0tf10,1,0.0
audioldm2,clap_1_mean,jazz,up1tf1,0,0.011905
audioldm2,clap_1_mean,jazz,up1tf1,1,0.011905
audioldm2,clap_1_mean,jazz,up1tf2,0,0.071429
audioldm2,clap_1_mean,jazz,up1tf2,1,0.071429
audioldm2,clap_1_mean,jazz,up1tf5,0,0.345238
audioldm2,clap_1_mean,jazz,up1tf5,1,0.107143
audioldm2,clap_1_mean,jazz,up1tf6,0,0.071429
audioldm2,clap_1_mean,jazz,up1tf6,1,0.071429
audioldm2,clap_1_mean,jazz,up1tf9,0,0.095238
audioldm2,clap_1_mean,jazz,up1tf9,1,0.095238
audioldm2,clap_1_mean,jazz,up1tf10,0,0.238095
audioldm2,clap_1_mean,jazz,up1tf10,1,0.0
audioldm2,clap_1_mean,jazz,up2tf1,0,0.047619
audioldm2,clap_1_mean,jazz,up2tf1,1,0.047619
audioldm2,clap_1_mean,jazz,up2tf2,0,0.047619
audioldm2,clap_1_mean,jazz,up2tf2,1,0.047619
audioldm2,clap_1_mean,jazz,up2tf5,0,0.047619
audioldm2,clap_1_mean,jazz,up2tf5,1,0.047619
audioldm2,clap_1_mean,jazz,up2tf6,0,0.047619
audioldm2,clap_1_mean,jazz,up2tf6,1,0.047619
audioldm2,clap_1_mean,jazz,up2tf9,0,0.047619
audioldm2,clap_1_mean,jazz,up2tf9,1,0.047619
audioldm2,clap_1_mean,jazz,up2tf10,0,0.047619
audioldm2,clap_1_mean,jazz,up2tf10,1,0.047619
audioldm2,clap_1_mean,male,down1tf1,0,0.023256
audioldm2,clap_1_mean,male,down1tf1,1,0.023256
audioldm2,clap_1_mean,male,down1tf2,0,0.023256
audioldm2,clap_1_mean,male,down1tf2,1,0.023256
audioldm2,clap_1_mean,male,down1tf5,0,0.023256
audioldm2,clap_1_mean,male,down1tf5,1,0.023256
audioldm2,clap_1_mean,male,down1tf6,0,0.023256
audioldm2,clap_1_mean,male,down1tf6,1,0.023256
audioldm2,clap_1_mean,male,down2tf1,0,0.0
audioldm2,clap_1_mean,male,down2tf1,1,0.0
audioldm2,clap_1_mean,male,down2tf2,0,0.0
audioldm2,clap_1_mean,male,down2tf2,1,0.0
audioldm2,clap_1_mean,male,down2tf5,0,0.0
audioldm2,clap_1_mean,male,down2tf5,1,0.0
audioldm2,clap_1_mean,male,down2tf6,0,0.0
audioldm2,clap_1_mean,male,down2tf6,1,0.0
audioldm2,clap_1_mean,male,down3tf1,0,0.0
audioldm2,clap_1_mean,male,down3tf1,1,0.0
audioldm2,clap_1_mean,male,down3tf2,0,0.0
audioldm2,clap_1_mean,male,down3tf2,1,0.0
audioldm2,clap_1_mean,male,down3tf5,0,0.0
audioldm2,clap_1_mean,male,down3tf5,1,0.0
audioldm2,clap_1_mean,male,down3tf6,0,0.0
audioldm2,clap_1_mean,male,down3tf6,1,0.0
audioldm2,clap_1_mean,male,midtf1,0,0.0
audioldm2,clap_1_mean,male,midtf1,1,0.0
audioldm2,clap_1_mean,male,midtf2,0,0.0
audioldm2,clap_1_mean,male,midtf2,1,0.0
audioldm2,clap_1_mean,male,up0tf1,0,0.0
audioldm2,clap_1_mean,male,up0tf1,1,0.0
audioldm2,clap_1_mean,male,up0tf2,0,0.0
audioldm2,clap_1_mean,male,up0tf2,1,0.0
audioldm2,clap_1_mean,male,up0tf5,0,0.0
audioldm2,clap_1_mean,male,up0tf5,1,0.0
audioldm2,clap_1_mean,male,up0tf6,0,0.0
audioldm2,clap_1_mean,male,up0tf6,1,0.0
audioldm2,clap_1_mean,male,up0tf9,0,0.0
audioldm2,clap_1_mean,male,up0tf9,1,0.0
audioldm2,clap_1_mean,male,up0tf10,0,0.0
audioldm2,clap_1_mean,male,up0tf10,1,0.0
audioldm2,clap_1_mean,male,up1tf1,0,0.023256
audioldm2,clap_1_mean,male,up1tf1,1,0.023256
audioldm2,clap_1_mean,male,up1tf2,0,0.023256
audioldm2,clap_1_mean,male,up1tf2,1,0.023256
audioldm2,clap_1_mean,male,up1tf5,0,0.093023
audioldm2,clap_1_mean,male,up1tf5,1,0.069767
audioldm2,clap_1_mean,male,up1tf6,0,0.023256
audioldm2,clap_1_mean,male,up1tf6,1,0.023256
audioldm2,clap_1_mean,male,up1tf9,0,0.023256
audioldm2,clap_1_mean,male,up1tf9,1,0.023256
audioldm2,clap_1_mean,male,up1tf10,0,0.72093
audioldm2,clap_1_mean,male,up1tf10,1,0.0
audioldm2,clap_1_mean,male,up2tf1,0,0.0
audioldm2,clap_1_mean,male,up2tf1,1,0.0
audioldm2,clap_1_mean,male,up2tf2,0,0.0
audioldm2,clap_1_mean,male,up2tf2,1,0.0
audioldm2,clap_1_mean,male,up2tf5,0,0.0
audioldm2,clap_1_mean,male,up2tf5,1,0.0
audioldm2,clap_1_mean,male,up2tf6,0,0.0
audioldm2,clap_1_mean,male,up2tf6,1,0.0
audioldm2,clap_1_mean,male,up2tf9,0,0.0
audioldm2,clap_1_mean,male,up2tf9,1,0.0
audioldm2,clap_1_mean,male,up2tf10,0,0.0
audioldm2,clap_1_mean,male,up2tf10,1,0.0
audioldm2,clap_1_mean,maracas,down1tf1,0,0.0
audioldm2,clap_1_mean,maracas,down1tf1,1,0.0
audioldm2,clap_1_mean,maracas,down1tf2,0,0.0
audioldm2,clap_1_mean,maracas,down1tf2,1,0.0
audioldm2,clap_1_mean,maracas,down1tf5,0,0.0
audioldm2,clap_1_mean,maracas,down1tf5,1,0.0
audioldm2,clap_1_mean,maracas,down1tf6,0,0.0
audioldm2,clap_1_mean,maracas,down1tf6,1,0.0
audioldm2,clap_1_mean,maracas,down2tf1,0,0.0
audioldm2,clap_1_mean,maracas,down2tf1,1,0.0
audioldm2,clap_1_mean,maracas,down2tf2,0,0.0
audioldm2,clap_1_mean,maracas,down2tf2,1,0.0
audioldm2,clap_1_mean,maracas,down2tf5,0,0.0
audioldm2,clap_1_mean,maracas,down2tf5,1,0.0
audioldm2,clap_1_mean,maracas,down2tf6,0,0.0
audioldm2,clap_1_mean,maracas,down2tf6,1,0.0
audioldm2,clap_1_mean,maracas,down3tf1,0,0.0
audioldm2,clap_1_mean,maracas,down3tf1,1,0.0
audioldm2,clap_1_mean,maracas,down3tf2,0,0.0
audioldm2,clap_1_mean,maracas,down3tf2,1,0.0
audioldm2,clap_1_mean,maracas,down3tf5,0,0.0
audioldm2,clap_1_mean,maracas,down3tf5,1,0.0
audioldm2,clap_1_mean,maracas,down3tf6,0,0.0
audioldm2,clap_1_mean,maracas,down3tf6,1,0.0
audioldm2,clap_1_mean,maracas,midtf1,0,0.0
audioldm2,clap_1_mean,maracas,midtf1,1,0.0
audioldm2,clap_1_mean,maracas,midtf2,0,0.0
audioldm2,clap_1_mean,maracas,midtf2,1,0.0
audioldm2,clap_1_mean,maracas,up0tf1,0,0.0
audioldm2,clap_1_mean,maracas,up0tf1,1,0.0
audioldm2,clap_1_mean,maracas,up0tf2,0,0.0
audioldm2,clap_1_mean,maracas,up0tf2,1,0.0
audioldm2,clap_1_mean,maracas,up0tf5,0,0.0
audioldm2,clap_1_mean,maracas,up0tf5,1,0.0
audioldm2,clap_1_mean,maracas,up0tf6,0,0.0
audioldm2,clap_1_mean,maracas,up0tf6,1,0.0
audioldm2,clap_1_mean,maracas,up0tf9,0,0.0
audioldm2,clap_1_mean,maracas,up0tf9,1,0.0
audioldm2,clap_1_mean,maracas,up0tf10,0,0.0
audioldm2,clap_1_mean,maracas,up0tf10,1,0.0
audioldm2,clap_1_mean,maracas,up1tf1,0,0.0
audioldm2,clap_1_mean,maracas,up1tf1,1,0.0
audioldm2,clap_1_mean,maracas,up1tf2,0,0.017241
audioldm2,clap_1_mean,maracas,up1tf2,1,0.017241
audioldm2,clap_1_mean,maracas,up1tf5,0,0.362069
audioldm2,clap_1_mean,maracas,up1tf5,1,0.103448
audioldm2,clap_1_mean,maracas,up1tf6,0,0.034483
audioldm2,clap_1_mean,maracas,up1tf6,1,0.034483
audioldm2,clap_1_mean,maracas,up1tf9,0,0.172414
audioldm2,clap_1_mean,maracas,up1tf9,1,0.137931
audioldm2,clap_1_mean,maracas,up1tf10,0,0.051724
audioldm2,clap_1_mean,maracas,up1tf10,1,0.051724
audioldm2,clap_1_mean,maracas,up2tf1,0,0.0
audioldm2,clap_1_mean,maracas,up2tf1,1,0.0
audioldm2,clap_1_mean,maracas,up2tf2,0,0.0
audioldm2,clap_1_mean,maracas,up2tf2,1,0.0
audioldm2,clap_1_mean,maracas,up2tf5,0,0.0
audioldm2,clap_1_mean,maracas,up2tf5,1,0.0
audioldm2,clap_1_mean,maracas,up2tf6,0,0.0
audioldm2,clap_1_mean,maracas,up2tf6,1,0.0
audioldm2,clap_1_mean,maracas,up2tf9,0,0.0
audioldm2,clap_1_mean,maracas,up2tf9,1,0.0
audioldm2,clap_1_mean,maracas,up2tf10,0,0.0
audioldm2,clap_1_mean,maracas,up2tf10,1,0.0
audioldm2,clap_1_mean,reggae,down1tf1,0,0.0
audioldm2,clap_1_mean,reggae,down1tf1,1,0.0
audioldm2,clap_1_mean,reggae,down1tf2,0,0.0
audioldm2,clap_1_mean,reggae,down1tf2,1,0.0
audioldm2,clap_1_mean,reggae,down1tf5,0,0.0
audioldm2,clap_1_mean,reggae,down1tf5,1,0.0
audioldm2,clap_1_mean,reggae,down1tf6,0,0.0
audioldm2,clap_1_mean,reggae,down1tf6,1,0.0
audioldm2,clap_1_mean,reggae,down2tf1,0,0.0
audioldm2,clap_1_mean,reggae,down2tf1,1,0.0
audioldm2,clap_1_mean,reggae,down2tf2,0,0.0
audioldm2,clap_1_mean,reggae,down2tf2,1,0.0
audioldm2,clap_1_mean,reggae,down2tf5,0,0.0
audioldm2,clap_1_mean,reggae,down2tf5,1,0.0
audioldm2,clap_1_mean,reggae,down2tf6,0,0.0
audioldm2,clap_1_mean,reggae,down2tf6,1,0.0
audioldm2,clap_1_mean,reggae,down3tf1,0,0.0
audioldm2,clap_1_mean,reggae,down3tf1,1,0.0
audioldm2,clap_1_mean,reggae,down3tf2,0,0.0
audioldm2,clap_1_mean,reggae,down3tf2,1,0.0
audioldm2,clap_1_mean,reggae,down3tf5,0,0.0
audioldm2,clap_1_mean,reggae,down3tf5,1,0.0
audioldm2,clap_1_mean,reggae,down3tf6,0,0.0
audioldm2,clap_1_mean,reggae,down3tf6,1,0.0
audioldm2,clap_1_mean,reggae,midtf1,0,0.0
audioldm2,clap_1_mean,reggae,midtf1,1,0.0
audioldm2,clap_1_mean,reggae,midtf2,0,0.0
audioldm2,clap_1_mean,reggae,midtf2,1,0.0
audioldm2,clap_1_mean,reggae,up0tf1,0,0.0
audioldm2,clap_1_mean,reggae,up0tf1,1,0.0
audioldm2,clap_1_mean,reggae,up0tf2,0,0.0
audioldm2,clap_1_mean,reggae,up0tf2,1,0.0
audioldm2,clap_1_mean,reggae,up0tf5,0,0.0
audioldm2,clap_1_mean,reggae,up0tf5,1,0.0
audioldm2,clap_1_mean,reggae,up0tf6,0,0.0
audioldm2,clap_1_mean,reggae,up0tf6,1,0.0
audioldm2,clap_1_mean,reggae,up0tf9,0,0.0
audioldm2,clap_1_mean,reggae,up0tf9,1,0.0
audioldm2,clap_1_mean,reggae,up0tf10,0,0.0
audioldm2,clap_1_mean,reggae,up0tf10,1,0.0
audioldm2,clap_1_mean,reggae,up1tf1,0,0.004202
audioldm2,clap_1_mean,reggae,up1tf1,1,0.004202
audioldm2,clap_1_mean,reggae,up1tf2,0,0.079832
audioldm2,clap_1_mean,reggae,up1tf2,1,0.0
audioldm2,clap_1_mean,reggae,up1tf5,0,0.277311
audioldm2,clap_1_mean,reggae,up1tf5,1,0.088235
audioldm2,clap_1_mean,reggae,up1tf6,0,0.004202
audioldm2,clap_1_mean,reggae,up1tf6,1,0.004202
audioldm2,clap_1_mean,reggae,up1tf9,0,0.046218
audioldm2,clap_1_mean,reggae,up1tf9,1,0.021008
audioldm2,clap_1_mean,reggae,up1tf10,0,0.105042
audioldm2,clap_1_mean,reggae,up1tf10,1,0.0
audioldm2,clap_1_mean,reggae,up2tf1,0,0.0
audioldm2,clap_1_mean,reggae,up2tf1,1,0.0
audioldm2,clap_1_mean,reggae,up2tf2,0,0.0
audioldm2,clap_1_mean,reggae,up2tf2,1,0.0
audioldm2,clap_1_mean,reggae,up2tf5,0,0.0
audioldm2,clap_1_mean,reggae,up2tf5,1,0.0
audioldm2,clap_1_mean,reggae,up2tf6,0,0.0
audioldm2,clap_1_mean,reggae,up2tf6,1,0.0
audioldm2,clap_1_mean,reggae,up2tf9,0,0.0
audioldm2,clap_1_mean,reggae,up2tf9,1,0.0
audioldm2,clap_1_mean,reggae,up2tf10,0,0.0
audioldm2,clap_1_mean,reggae,up2tf10,1,0.0
audioldm2,clap_2_mean,sad,down1tf1,0,0.0
audioldm2,clap_2_mean,sad,down1tf1,1,0.0
audioldm2,clap_2_mean,sad,down1tf2,0,0.0
audioldm2,clap_2_mean,sad,down1tf2,1,0.0
audioldm2,clap_2_mean,sad,down1tf5,0,0.0
audioldm2,clap_2_mean,sad,down1tf5,1,0.0
audioldm2,clap_2_mean,sad,down1tf6,0,0.0
audioldm2,clap_2_mean,sad,down1tf6,1,0.0
audioldm2,clap_2_mean,sad,down2tf1,0,0.0
audioldm2,clap_2_mean,sad,down2tf1,1,0.0
audioldm2,clap_2_mean,sad,down2tf2,0,0.0
audioldm2,clap_2_mean,sad,down2tf2,1,0.0
audioldm2,clap_2_mean,sad,down2tf5,0,0.0
audioldm2,clap_2_mean,sad,down2tf5,1,0.0
audioldm2,clap_2_mean,sad,down2tf6,0,0.0
audioldm2,clap_2_mean,sad,down2tf6,1,0.0
audioldm2,clap_2_mean,sad,down3tf1,0,0.0
audioldm2,clap_2_mean,sad,down3tf1,1,0.0
audioldm2,clap_2_mean,sad,down3tf2,0,0.0
audioldm2,clap_2_mean,sad,down3tf2,1,0.0
audioldm2,clap_2_mean,sad,down3tf5,0,0.0
audioldm2,clap_2_mean,sad,down3tf5,1,0.0
audioldm2,clap_2_mean,sad,down3tf6,0,0.0
audioldm2,clap_2_mean,sad,down3tf6,1,0.0
audioldm2,clap_2_mean,sad,midtf1,0,0.0
audioldm2,clap_2_mean,sad,midtf1,1,0.0
audioldm2,clap_2_mean,sad,midtf2,0,0.0
audioldm2,clap_2_mean,sad,midtf2,1,0.0
audioldm2,clap_2_mean,sad,up0tf1,0,0.0
audioldm2,clap_2_mean,sad,up0tf1,1,0.0
audioldm2,clap_2_mean,sad,up0tf2,0,0.0
audioldm2,clap_2_mean,sad,up0tf2,1,0.0
audioldm2,clap_2_mean,sad,up0tf5,0,0.0
audioldm2,clap_2_mean,sad,up0tf5,1,0.0
audioldm2,clap_2_mean,sad,up0tf6,0,0.0
audioldm2,clap_2_mean,sad,up0tf6,1,0.0
audioldm2,clap_2_mean,sad,up0tf9,0,0.0
audioldm2,clap_2_mean,sad,up0tf9,1,0.0
audioldm2,clap_2_mean,sad,up0tf10,0,0.0
audioldm2,clap_2_mean,sad,up0tf10,1,0.0
audioldm2,clap_2_mean,sad,up1tf1,0,0.0
audioldm2,clap_2_mean,sad,up1tf1,1,0.0
audioldm2,clap_2_mean,sad,up1tf2,0,0.065217
audioldm2,clap_2_mean,sad,up1tf2,1,0.065217
audioldm2,clap_2_mean,sad,up1tf5,0,0.478261
audioldm2,clap_2_mean,sad,up1tf5,1,0.217391
audioldm2,clap_2_mean,sad,up1tf6,0,0.173913
audioldm2,clap_2_mean,sad,up1tf6,1,0.173913
audioldm2,clap_2_mean,sad,up1tf9,0,0.108696
audioldm2,clap_2_mean,sad,up1tf9,1,0.108696
audioldm2,clap_2_mean,sad,up1tf10,0,0.130435
audioldm2,clap_2_mean,sad,up1tf10,1,0.0
audioldm2,clap_2_mean,sad,up2tf1,0,0.0
audioldm2,clap_2_mean,sad,up2tf1,1,0.0
audioldm2,clap_2_mean,sad,up2tf2,0,0.0
audioldm2,clap_2_mean,sad,up2tf2,1,0.0
audioldm2,clap_2_mean,sad,up2tf5,0,0.0
audioldm2,clap_2_mean,sad,up2tf5,1,0.0
audioldm2,clap_2_mean,sad,up2tf6,0,0.0
audioldm2,clap_2_mean,sad,up2tf6,1,0.0
audioldm2,clap_2_mean,sad,up2tf9,0,0.0
audioldm2,clap_2_mean,sad,up2tf9,1,0.0
audioldm2,clap_2_mean,sad,up2tf10,0,0.0
audioldm2,clap_2_mean,sad,up2tf10,1,0.0
audioldm2,clap_1_mean,slow,down1tf1,0,0.0
audioldm2,clap_1_mean,slow,down1tf1,1,0.0
audioldm2,clap_1_mean,slow,down1tf2,0,0.0
audioldm2,clap_1_mean,slow,down1tf2,1,0.0
audioldm2,clap_1_mean,slow,down1tf5,0,0.0
audioldm2,clap_1_mean,slow,down1tf5,1,0.0
audioldm2,clap_1_mean,slow,down1tf6,0,0.0
audioldm2,clap_1_mean,slow,down1tf6,1,0.0
audioldm2,clap_1_mean,slow,down2tf1,0,0.0
audioldm2,clap_1_mean,slow,down2tf1,1,0.0
audioldm2,clap_1_mean,slow,down2tf2,0,0.0
audioldm2,clap_1_mean,slow,down2tf2,1,0.0
audioldm2,clap_1_mean,slow,down2tf5,0,0.0
audioldm2,clap_1_mean,slow,down2tf5,1,0.0
audioldm2,clap_1_mean,slow,down2tf6,0,0.0
audioldm2,clap_1_mean,slow,down2tf6,1,0.0
audioldm2,clap_1_mean,slow,down3tf1,0,0.0
audioldm2,clap_1_mean,slow,down3tf1,1,0.0
audioldm2,clap_1_mean,slow,down3tf2,0,0.0
audioldm2,clap_1_mean,slow,down3tf2,1,0.0
audioldm2,clap_1_mean,slow,down3tf5,0,0.0
audioldm2,clap_1_mean,slow,down3tf5,1,0.0
audioldm2,clap_1_mean,slow,down3tf6,0,0.0
audioldm2,clap_1_mean,slow,down3tf6,1,0.0
audioldm2,clap_1_mean,slow,midtf1,0,0.0
audioldm2,clap_1_mean,slow,midtf1,1,0.0
audioldm2,clap_1_mean,slow,midtf2,0,0.0
audioldm2,clap_1_mean,slow,midtf2,1,0.0
audioldm2,clap_1_mean,slow,up0tf1,0,0.0
audioldm2,clap_1_mean,slow,up0tf1,1,0.0
audioldm2,clap_1_mean,slow,up0tf2,0,0.0
audioldm2,clap_1_mean,slow,up0tf2,1,0.0
audioldm2,clap_1_mean,slow,up0tf5,0,0.0
audioldm2,clap_1_mean,slow,up0tf5,1,0.0
audioldm2,clap_1_mean,slow,up0tf6,0,0.0
audioldm2,clap_1_mean,slow,up0tf6,1,0.0
audioldm2,clap_1_mean,slow,up0tf9,0,0.0
audioldm2,clap_1_mean,slow,up0tf9,1,0.0
audioldm2,clap_1_mean,slow,up0tf10,0,0.0
audioldm2,clap_1_mean,slow,up0tf10,1,0.0
audioldm2,clap_1_mean,slow,up1tf1,0,0.0
audioldm2,clap_1_mean,slow,up1tf1,1,0.0
audioldm2,clap_1_mean,slow,up1tf2,0,0.046512
audioldm2,clap_1_mean,slow,up1tf2,1,0.046512
audioldm2,clap_1_mean,slow,up1tf5,0,0.651163
audioldm2,clap_1_mean,slow,up1tf5,1,0.651163
audioldm2,clap_1_mean,slow,up1tf6,0,0.046512
audioldm2,clap_1_mean,slow,up1tf6,1,0.046512
audioldm2,clap_1_mean,slow,up1tf9,0,0.139535
audioldm2,clap_1_mean,slow,up1tf9,1,0.139535
audioldm2,clap_1_mean,slow,up1tf10,0,0.093023
audioldm2,clap_1_mean,slow,up1tf10,1,0.093023
audioldm2,clap_1_mean,slow,up2tf1,0,0.0
audioldm2,clap_1_mean,slow,up2tf1,1,0.0
audioldm2,clap_1_mean,slow,up2tf2,0,0.0
audioldm2,clap_1_mean,slow,up2tf2,1,0.0
audioldm2,clap_1_mean,slow,up2tf5,0,0.0
audioldm2,clap_1_mean,slow,up2tf5,1,0.0
audioldm2,clap_1_mean,slow,up2tf6,0,0.0
audioldm2,clap_1_mean,slow,up2tf6,1,0.0
audioldm2,clap_1_mean,slow,up2tf9,0,0.0
audioldm2,clap_1_mean,slow,up2tf9,1,0.0
audioldm2,clap_1_mean,slow,up2tf10,0,0.0
audioldm2,clap_1_mean,slow,up2tf10,1,0.0
audioldm2,clap_1_mean,trumpet,down1tf1,0,0.0
audioldm2,clap_1_mean,trumpet,down1tf1,1,0.0
audioldm2,clap_1_mean,trumpet,down1tf2,0,0.0
audioldm2,clap_1_mean,trumpet,down1tf2,1,0.0
audioldm2,clap_1_mean,trumpet,down1tf5,0,0.0
audioldm2,clap_1_mean,trumpet,down1tf5,1,0.0
audioldm2,clap_1_mean,trumpet,down1tf6,0,0.0
audioldm2,clap_1_mean,trumpet,down1tf6,1,0.0
audioldm2,clap_1_mean,trumpet,down2tf1,0,0.0
audioldm2,clap_1_mean,trumpet,down2tf1,1,0.0
audioldm2,clap_1_mean,trumpet,down2tf2,0,0.0
audioldm2,clap_1_mean,trumpet,down2tf2,1,0.0
audioldm2,clap_1_mean,trumpet,down2tf5,0,0.0
audioldm2,clap_1_mean,trumpet,down2tf5,1,0.0
audioldm2,clap_1_mean,trumpet,down2tf6,0,0.0
audioldm2,clap_1_mean,trumpet,down2tf6,1,0.0
audioldm2,clap_1_mean,trumpet,down3tf1,0,0.0
audioldm2,clap_1_mean,trumpet,down3tf1,1,0.0
audioldm2,clap_1_mean,trumpet,down3tf2,0,0.0
audioldm2,clap_1_mean,trumpet,down3tf2,1,0.0
audioldm2,clap_1_mean,trumpet,down3tf5,0,0.0
audioldm2,clap_1_mean,trumpet,down3tf5,1,0.0
audioldm2,clap_1_mean,trumpet,down3tf6,0,0.0
audioldm2,clap_1_mean,trumpet,down3tf6,1,0.0
audioldm2,clap_1_mean,trumpet,midtf1,0,0.0
audioldm2,clap_1_mean,trumpet,midtf1,1,0.0
audioldm2,clap_1_mean,trumpet,midtf2,0,0.0
audioldm2,clap_1_mean,trumpet,midtf2,1,0.0
audioldm2,clap_1_mean,trumpet,up0tf1,0,0.0
audioldm2,clap_1_mean,trumpet,up0tf1,1,0.0
audioldm2,clap_1_mean,trumpet,up0tf2,0,0.0
audioldm2,clap_1_mean,trumpet,up0tf2,1,0.0
audioldm2,clap_1_mean,trumpet,up0tf5,0,0.0
audioldm2,clap_1_mean,trumpet,up0tf5,1,0.0
audioldm2,clap_1_mean,trumpet,up0tf6,0,0.0
audioldm2,clap_1_mean,trumpet,up0tf6,1,0.0
audioldm2,clap_1_mean,trumpet,up0tf9,0,0.0
audioldm2,clap_1_mean,trumpet,up0tf9,1,0.0
audioldm2,clap_1_mean,trumpet,up0tf10,0,0.0
audioldm2,clap_1_mean,trumpet,up0tf10,1,0.0
audioldm2,clap_1_mean,trumpet,up1tf1,0,0.0
audioldm2,clap_1_mean,trumpet,up1tf1,1,0.0
audioldm2,clap_1_mean,trumpet,up1tf2,0,0.0
audioldm2,clap_1_mean,trumpet,up1tf2,1,0.0
audioldm2,clap_1_mean,trumpet,up1tf5,0,0.042735
audioldm2,clap_1_mean,trumpet,up1tf5,1,0.017094
audioldm2,clap_1_mean,trumpet,up1tf6,0,0.0
audioldm2,clap_1_mean,trumpet,up1tf6,1,0.0
audioldm2,clap_1_mean,trumpet,up1tf9,0,0.034188
audioldm2,clap_1_mean,trumpet,up1tf9,1,0.034188
audioldm2,clap_1_mean,trumpet,up1tf10,0,0.880342
audioldm2,clap_1_mean,trumpet,up1tf10,1,0.0
audioldm2,clap_1_mean,trumpet,up2tf1,0,0.0
audioldm2,clap_1_mean,trumpet,up2tf1,1,0.0
audioldm2,clap_1_mean,trumpet,up2tf2,0,0.0
audioldm2,clap_1_mean,trumpet,up2tf2,1,0.0
audioldm2,clap_1_mean,trumpet,up2tf5,0,0.0
audioldm2,clap_1_mean,trumpet,up2tf5,1,0.0
audioldm2,clap_1_mean,trumpet,up2tf6,0,0.0
audioldm2,clap_1_mean,trumpet,up2tf6,1,0.0
audioldm2,clap_1_mean,trumpet,up2tf9,0,0.0
audioldm2,clap_1_mean,trumpet,up2tf9,1,0.0
audioldm2,clap_1_mean,trumpet,up2tf10,0,0.0
audioldm2,clap_1_mean,trumpet,up2tf10,1,0.0
audioldm2,clap_1_mean,violin,down1tf1,0,0.0
audioldm2,clap_1_mean,violin,down1tf1,1,0.0
audioldm2,clap_1_mean,violin,down1tf2,0,0.0
audioldm2,clap_1_mean,violin,down1tf2,1,0.0
audioldm2,clap_1_mean,violin,down1tf5,0,0.0
audioldm2,clap_1_mean,violin,down1tf5,1,0.0
audioldm2,clap_1_mean,violin,down1tf6,0,0.0
audioldm2,clap_1_mean,violin,down1tf6,1,0.0
audioldm2,clap_1_mean,violin,down2tf1,0,0.0
audioldm2,clap_1_mean,violin,down2tf1,1,0.0
audioldm2,clap_1_mean,violin,down2tf2,0,0.0
audioldm2,clap_1_mean,violin,down2tf2,1,0.0
audioldm2,clap_1_mean,violin,down2tf5,0,0.0
audioldm2,clap_1_mean,violin,down2tf5,1,0.0
audioldm2,clap_1_mean,violin,down2tf6,0,0.0
audioldm2,clap_1_mean,violin,down2tf6,1,0.0
audioldm2,clap_1_mean,violin,down3tf1,0,0.0
audioldm2,clap_1_mean,violin,down3tf1,1,0.0
audioldm2,clap_1_mean,violin,down3tf2,0,0.0
audioldm2,clap_1_mean,violin,down3tf2,1,0.0
audioldm2,clap_1_mean,violin,down3tf5,0,0.0
audioldm2,clap_1_mean,violin,down3tf5,1,0.0
audioldm2,clap_1_mean,violin,down3tf6,0,0.0
audioldm2,clap_1_mean,violin,down3tf6,1,0.0
audioldm2,clap_1_mean,violin,midtf1,0,0.0
audioldm2,clap_1_mean,violin,midtf1,1,0.0
audioldm2,clap_1_mean,violin,midtf2,0,0.0
audioldm2,clap_1_mean,violin,midtf2,1,0.0
audioldm2,clap_1_mean,violin,up0tf1,0,0.0
audioldm2,clap_1_mean,violin,up0tf1,1,0.0
audioldm2,clap_1_mean,violin,up0tf2,0,0.0
audioldm2,clap_1_mean,violin,up0tf2,1,0.0
audioldm2,clap_1_mean,violin,up0tf5,0,0.0
audioldm2,clap_1_mean,violin,up0tf5,1,0.0
audioldm2,clap_1_mean,violin,up0tf6,0,0.0
audioldm2,clap_1_mean,violin,up0tf6,1,0.0
audioldm2,clap_1_mean,violin,up0tf9,0,0.0
audioldm2,clap_1_mean,violin,up0tf9,1,0.0
audioldm2,clap_1_mean,violin,up0tf10,0,0.0
audioldm2,clap_1_mean,violin,up0tf10,1,0.0
audioldm2,clap_1_mean,violin,up1tf1,0,0.0
audioldm2,clap_1_mean,violin,up1tf1,1,0.0
audioldm2,clap_1_mean,violin,up1tf2,0,0.0
audioldm2,clap_1_mean,violin,up1tf2,1,0.0
audioldm2,clap_1_mean,violin,up1tf5,0,0.14876
audioldm2,clap_1_mean,violin,up1tf5,1,0.041322
audioldm2,clap_1_mean,violin,up1tf6,0,0.0
audioldm2,clap_1_mean,violin,up1tf6,1,0.0
audioldm2,clap_1_mean,violin,up1tf9,0,0.066116
audioldm2,clap_1_mean,violin,up1tf9,1,0.066116
audioldm2,clap_1_mean,violin,up1tf10,0,0.702479
audioldm2,clap_1_mean,violin,up1tf10,1,0.0
audioldm2,clap_1_mean,violin,up2tf1,0,0.0
audioldm2,clap_1_mean,violin,up2tf1,1,0.0
audioldm2,clap_1_mean,violin,up2tf2,0,0.0
audioldm2,clap_1_mean,violin,up2tf2,1,0.0
audioldm2,clap_1_mean,violin,up2tf5,0,0.0
audioldm2,clap_1_mean,violin,up2tf5,1,0.0
audioldm2,clap_1_mean,violin,up2tf6,0,0.0
audioldm2,clap_1_mean,violin,up2tf6,1,0.0
audioldm2,clap_1_mean,violin,up2tf9,0,0.0
audioldm2,clap_1_mean,violin,up2tf9,1,0.0
audioldm2,clap_1_mean,violin,up2tf10,0,0.0
audioldm2,clap_1_mean,violin,up2tf10,1,0.0
stableaudio,clap_1_mean,fast,tf0,0,0.0
stableaudio,clap_1_mean,fast,tf1,0,0.0
stableaudio,clap_1_mean,fast,tf2,0,0.0
stableaudio,clap_1_mean,fast,tf3,0,0.0
stableaudio,clap_1_mean,fast,tf4,0,0.2
stableaudio,clap_1_mean,fast,tf5,0,0.012903
stableaudio,clap_1_mean,fast,tf6,0,0.0
stableaudio,clap_1_mean,fast,tf7,0,0.0
stableaudio,clap_1_mean,fast,tf8,0,0.012903
stableaudio,clap_1_mean,fast,tf9,0,0.0
stableaudio,clap_1_mean,fast,tf10,0,0.0
stableaudio,clap_1_mean,fast,tf11,0,0.051613
stableaudio,clap_1_mean,fast,tf12,0,0.380645
stableaudio,clap_1_mean,fast,tf13,0,0.083871
stableaudio,clap_1_mean,fast,tf14,0,0.012903
stableaudio,clap_1_mean,fast,tf15,0,0.025806
stableaudio,clap_1_mean,fast,tf16,0,0.025806
stableaudio,clap_1_mean,fast,tf17,0,0.006452
stableaudio,clap_1_mean,fast,tf18,0,0.006452
stableaudio,clap_1_mean,fast,tf19,0,0.0
stableaudio,clap_1_mean,fast,tf20,0,0.0
stableaudio,clap_1_mean,fast,tf21,0,0.109677
stableaudio,clap_1_mean,fast,tf22,0,0.103226
stableaudio,clap_1_mean,fast,tf23,0,0.006452
stableaudio,clap_1_mean,female,tf0,0,0.0
stableaudio,clap_1_mean,female,tf1,0,0.0
stableaudio,clap_1_mean,female,tf2,0,0.0
stableaudio,clap_1_mean,female,tf3,0,0.0
stableaudio,clap_1_mean,female,tf4,0,0.0
stableaudio,clap_1_mean,female,tf5,0,0.0
stableaudio,clap_1_mean,female,tf6,0,0.11
stableaudio,clap_1_mean,female,tf7,0,0.0
stableaudio,clap_1_mean,female,tf8,0,0.005
stableaudio,clap_1_mean,female,tf9,0,0.01
stableaudio,clap_1_mean,female,tf10,0,0.005
stableaudio,clap_1_mean,female,tf11,0,0.84
stableaudio,clap_1_mean,female,tf12,0,0.05
stableaudio,clap_1_mean,female,tf13,0,0.0
stableaudio,clap_1_mean,female,tf14,0,0.0
stableaudio,clap_1_mean,female,tf15,0,0.0
stableaudio,clap_1_mean,female,tf16,0,0.0
stableaudio,clap_1_mean,female,tf17,0,0.0
stableaudio,clap_1_mean,female,tf18,0,0.0
stableaudio,clap_1_mean,female,tf19,0,0.0
stableaudio,clap_1_mean,female,tf20,0,0.0
stableaudio,clap_1_mean,female,tf21,0,0.0
stableaudio,clap_1_mean,female,tf22,0,0.0
stableaudio,clap_1_mean,female,tf23,0,0.0
stableaudio,clap_1_mean,flute,tf0,0,0.0
stableaudio,clap_1_mean,flute,tf1,0,0.0
stableaudio,clap_1_mean,flute,tf2,0,0.0
stableaudio,clap_1_mean,flute,tf3,0,0.0
stableaudio,clap_1_mean,flute,tf4,0,0.026549
stableaudio,clap_1_mean,flute,tf5,0,0.00885
stableaudio,clap_1_mean,flute,tf6,0,0.0
stableaudio,clap_1_mean,flute,tf7,0,0.0
stableaudio,clap_1_mean,flute,tf8,0,0.0
stableaudio,clap_1_mean,flute,tf9,0,0.0
stableaudio,clap_1_mean,flute,tf10,0,0.0
stableaudio,clap_1_mean,flute,tf11,0,0.0
stableaudio,clap_1_mean,flute,tf12,0,0.929204
stableaudio,clap_1_mean,flute,tf13,0,0.123894
stableaudio,clap_1_mean,flute,tf14,0,0.00885
stableaudio,clap_1_mean,flute,tf15,0,0.0
stableaudio,clap_1_mean,flute,tf16,0,0.0
stableaudio,clap_1_mean,flute,tf17,0,0.0
stableaudio,clap_1_mean,flute,tf18,0,0.017699
stableaudio,clap_1_mean,flute,tf19,0,0.00885
stableaudio,clap_1_mean,flute,tf20,0,0.0
stableaudio,clap_1_mean,flute,tf21,0,0.00885
stableaudio,clap_1_mean,flute,tf22,0,0.00885
stableaudio,clap_1_mean,flute,tf23,0,0.0
stableaudio,clap_1_mean,guitar,tf0,0,0.061475
stableaudio,clap_1_mean,guitar,tf1,0,0.057377
stableaudio,clap_1_mean,guitar,tf2,0,0.057377
stableaudio,clap_1_mean,guitar,tf3,0,0.057377
stableaudio,clap_1_mean,guitar,tf4,0,0.081967
stableaudio,clap_1_mean,guitar,tf5,0,0.053279
stableaudio,clap_1_mean,guitar,tf6,0,0.028689
stableaudio,clap_1_mean,guitar,tf7,0,0.04918
stableaudio,clap_1_mean,guitar,tf8,0,0.0
stableaudio,clap_1_mean,guitar,tf9,0,0.106557
stableaudio,clap_1_mean,guitar,tf10,0,0.012295
stableaudio,clap_1_mean,guitar,tf11,0,0.081967
stableaudio,clap_1_mean,guitar,tf12,0,0.942623
stableaudio,clap_1_mean,guitar,tf13,0,0.077869
stableaudio,clap_1_mean,guitar,tf14,0,0.057377
stableaudio,clap_1_mean,guitar,tf15,0,0.061475
stableaudio,clap_1_mean,guitar,tf16,0,0.069672
stableaudio,clap_1_mean,guitar,tf17,0,0.053279
stableaudio,clap_1_mean,guitar,tf18,0,0.053279
stableaudio,clap_1_mean,guitar,tf19,0,0.065574
stableaudio,clap_1_mean,guitar,tf20,0,0.053279
stableaudio,clap_1_mean,guitar,tf21,0,0.053279
stableaudio,clap_1_mean,guitar,tf22,0,0.036885
stableaudio,clap_1_mean,guitar,tf23,0,0.057377
stableaudio,clap_1_mean,happy,tf0,0,0.0
stableaudio,clap_1_mean,happy,tf1,0,0.0
stableaudio,clap_1_mean,happy,tf2,0,0.0
stableaudio,clap_1_mean,happy,tf3,0,0.0
stableaudio,clap_1_mean,happy,tf4,0,0.034483
stableaudio,clap_1_mean,happy,tf5,0,0.034483
stableaudio,clap_1_mean,happy,tf6,0,0.0
stableaudio,clap_1_mean,happy,tf7,0,0.0
stableaudio,clap_1_mean,happy,tf8,0,0.0
stableaudio,clap_1_mean,happy,tf9,0,0.0
stableaudio,clap_1_mean,happy,tf10,0,0.103448
stableaudio,clap_1_mean,happy,tf11,0,0.0
stableaudio,clap_1_mean,happy,tf12,0,0.206897
stableaudio,clap_1_mean,happy,tf13,0,0.241379
stableaudio,clap_1_mean,happy,tf14,0,0.034483
stableaudio,clap_1_mean,happy,tf15,0,0.068966
stableaudio,clap_1_mean,happy,tf16,0,0.0
stableaudio,clap_1_mean,happy,tf17,0,0.0
stableaudio,clap_1_mean,happy,tf18,0,0.068966
stableaudio,clap_1_mean,happy,tf19,0,0.0
stableaudio,clap_1_mean,happy,tf20,0,0.034483
stableaudio,clap_1_mean,happy,tf21,0,0.068966
stableaudio,clap_1_mean,happy,tf22,0,0.0
stableaudio,clap_1_mean,happy,tf23,0,0.0
stableaudio,clap_1_mean,male,tf0,0,0.0
stableaudio,clap_1_mean,male,tf1,0,0.0
stableaudio,clap_1_mean,male,tf2,0,0.0
stableaudio,clap_1_mean,male,tf3,0,0.0
stableaudio,clap_1_mean,male,tf4,0,0.0
stableaudio,clap_1_mean,male,tf5,0,0.0
stableaudio,clap_1_mean,male,tf6,0,0.051948
stableaudio,clap_1_mean,male,tf7,0,0.025974
stableaudio,clap_1_mean,male,tf8,0,0.0
stableaudio,clap_1_mean,male,tf9,0,0.012987
stableaudio,clap_1_mean,male,tf10,0,0.012987
stableaudio,clap_1_mean,male,tf11,0,0.493506
stableaudio,clap_1_mean,male,tf12,0,0.012987
stableaudio,clap_1_mean,male,tf13,0,0.038961
stableaudio,clap_1_mean,male,tf14,0,0.012987
stableaudio,clap_1_mean,male,tf15,0,0.0
stableaudio,clap_1_mean,male,tf16,0,0.0
stableaudio,clap_1_mean,male,tf17,0,0.0
stableaudio,clap_1_mean,male,tf18,0,0.0
stableaudio,clap_1_mean,male,tf19,0,0.0
stableaudio,clap_1_mean,male,tf20,0,0.0
stableaudio,clap_1_mean,male,tf21,0,0.0
stableaudio,clap_1_mean,male,tf22,0,0.0
stableaudio,clap_1_mean,male,tf23,0,0.0
stableaudio,clap_1_mean,maracas,tf0,0,0.0
stableaudio,clap_1_mean,maracas,tf1,0,0.020833
stableaudio,clap_1_mean,maracas,tf2,0,0.0
stableaudio,clap_1_mean,maracas,tf3,0,0.0
stableaudio,clap_1_mean,maracas,tf4,0,0.291667
stableaudio,clap_1_mean,maracas,tf5,0,0.083333
stableaudio,clap_1_mean,maracas,tf6,0,0.083333
stableaudio,clap_1_mean,maracas,tf7,0,0.0
stableaudio,clap_1_mean,maracas,tf8,0,0.104167
stableaudio,clap_1_mean,maracas,tf9,0,0.0625
stableaudio,clap_1_mean,maracas,tf10,0,0.041667
stableaudio,clap_1_mean,maracas,tf11,0,0.0
stableaudio,clap_1_mean,maracas,tf12,0,0.895833
stableaudio,clap_1_mean,maracas,tf13,0,0.0
stableaudio,clap_1_mean,maracas,tf14,0,0.0625
stableaudio,clap_1_mean,maracas,tf15,0,0.0
stableaudio,clap_1_mean,maracas,tf16,0,0.0
stableaudio,clap_1_mean,maracas,tf17,0,0.0
stableaudio,clap_1_mean,maracas,tf18,0,0.020833
stableaudio,clap_1_mean,maracas,tf19,0,0.0
stableaudio,clap_1_mean,maracas,tf20,0,0.0
stableaudio,clap_1_mean,maracas,tf21,0,0.083333
stableaudio,clap_1_mean,maracas,tf22,0,0.0
stableaudio,clap_1_mean,maracas,tf23,0,0.0
stableaudio,clap_1_mean,reggae,tf0,0,0.0
stableaudio,clap_1_mean,reggae,tf1,0,0.0
stableaudio,clap_1_mean,reggae,tf2,0,0.0
stableaudio,clap_1_mean,reggae,tf3,0,0.0
stableaudio,clap_1_mean,reggae,tf4,0,0.087719
stableaudio,clap_1_mean,reggae,tf5,0,0.070175
stableaudio,clap_1_mean,reggae,tf6,0,0.0
stableaudio,clap_1_mean,reggae,tf7,0,0.087719
stableaudio,clap_1_mean,reggae,tf8,0,0.122807
stableaudio,clap_1_mean,reggae,tf9,0,0.070175
stableaudio,clap_1_mean,reggae,tf10,0,0.052632
stableaudio,clap_1_mean,reggae,tf11,0,0.649123
stableaudio,clap_1_mean,reggae,tf12,0,0.245614
stableaudio,clap_1_mean,reggae,tf13,0,0.157895
stableaudio,clap_1_mean,reggae,tf14,0,0.017544
stableaudio,clap_1_mean,reggae,tf15,0,0.105263
stableaudio,clap_1_mean,reggae,tf16,0,0.035088
stableaudio,clap_1_mean,reggae,tf17,0,0.105263
stableaudio,clap_1_mean,reggae,tf18,0,0.22807
stableaudio,clap_1_mean,reggae,tf19,0,0.017544
stableaudio,clap_1_mean,reggae,tf20,0,0.0
stableaudio,clap_1_mean,reggae,tf21,0,0.035088
stableaudio,clap_1_mean,reggae,tf22,0,0.017544
stableaudio,clap_1_mean,reggae,tf23,0,0.0
stableaudio,clap_2_mean,sad,tf0,0,0.0625
stableaudio,clap_2_mean,sad,tf1,0,0.0
stableaudio,clap_2_mean,sad,tf2,0,0.0
stableaudio,clap_2_mean,sad,tf3,0,0.0625
stableaudio,clap_2_mean,sad,tf4,0,0.1875
stableaudio,clap_2_mean,sad,tf5,0,0.1875
stableaudio,clap_2_mean,sad,tf6,0,0.0
stableaudio,clap_2_mean,sad,tf7,0,0.125
stableaudio,clap_2_mean,sad,tf8,0,0.0625
stableaudio,clap_2_mean,sad,tf9,0,0.0
stableaudio,clap_2_mean,sad,tf10,0,0.0625
stableaudio,clap_2_mean,sad,tf11,0,0.125
stableaudio,clap_2_mean,sad,tf12,0,1.3125
stableaudio,clap_2_mean,sad,tf13,0,0.125
stableaudio,clap_2_mean,sad,tf14,0,0.125
stableaudio,clap_2_mean,sad,tf15,0,0.0625
stableaudio,clap_2_mean,sad,tf16,0,0.0
stableaudio,clap_2_mean,sad,tf17,0,0.0625
stableaudio,clap_2_mean,sad,tf18,0,0.3125
stableaudio,clap_2_mean,sad,tf19,0,0.0
stableaudio,clap_2_mean,sad,tf20,0,0.0
stableaudio,clap_2_mean,sad,tf21,0,0.0
stableaudio,clap_2_mean,sad,tf22,0,0.0
stableaudio,clap_2_mean,sad,tf23,0,0.0
stableaudio,clap_2_mean,slow,tf0,0,0.013699
stableaudio,clap_2_mean,slow,tf1,0,0.013699
stableaudio,clap_2_mean,slow,tf2,0,0.013699
stableaudio,clap_2_mean,slow,tf3,0,0.013699
stableaudio,clap_2_mean,slow,tf4,0,0.178082
stableaudio,clap_2_mean,slow,tf5,0,0.30137
stableaudio,clap_2_mean,slow,tf6,0,0.0
stableaudio,clap_2_mean,slow,tf7,0,0.082192
stableaudio,clap_2_mean,slow,tf8,0,0.150685
stableaudio,clap_2_mean,slow,tf9,0,0.054795
stableaudio,clap_2_mean,slow,tf10,0,0.150685
stableaudio,clap_2_mean,slow,tf11,0,0.013699
stableaudio,clap_2_mean,slow,tf12,0,0.575342
stableaudio,clap_2_mean,slow,tf13,0,0.232877
stableaudio,clap_2_mean,slow,tf14,0,0.082192
stableaudio,clap_2_mean,slow,tf15,0,0.136986
stableaudio,clap_2_mean,slow,tf16,0,0.287671
stableaudio,clap_2_mean,slow,tf17,0,0.068493
stableaudio,clap_2_mean,slow,tf18,0,0.054795
stableaudio,clap_2_mean,slow,tf19,0,0.0
stableaudio,clap_2_mean,slow,tf20,0,0.0
stableaudio,clap_2_mean,slow,tf21,0,0.109589
stableaudio,clap_2_mean,slow,tf22,0,0.082192
stableaudio,clap_2_mean,slow,tf23,0,0.013699
stableaudio,clap_1_mean,techno,tf0,0,0.086957
stableaudio,clap_1_mean,techno,tf1,0,0.094203
stableaudio,clap_1_mean,techno,tf2,0,0.086957
stableaudio,clap_1_mean,techno,tf3,0,0.086957
stableaudio,clap_1_mean,techno,tf4,0,0.036232
stableaudio,clap_1_mean,techno,tf5,0,0.036232
stableaudio,clap_1_mean,techno,tf6,0,0.0
stableaudio,clap_1_mean,techno,tf7,0,0.086957
stableaudio,clap_1_mean,techno,tf8,0,0.072464
stableaudio,clap_1_mean,techno,tf9,0,0.181159
stableaudio,clap_1_mean,techno,tf10,0,0.094203
stableaudio,clap_1_mean,techno,tf11,0,0.384058
stableaudio,clap_1_mean,techno,tf12,0,0.0
stableaudio,clap_1_mean,techno,tf13,0,0.318841
stableaudio,clap_1_mean,techno,tf14,0,0.108696
stableaudio,clap_1_mean,techno,tf15,0,0.065217
stableaudio,clap_1_mean,techno,tf16,0,0.086957
stableaudio,clap_1_mean,techno,tf17,0,0.094203
stableaudio,clap_1_mean,techno,tf18,0,0.028986
stableaudio,clap_1_mean,techno,tf19,0,0.137681
stableaudio,clap_1_mean,techno,tf20,0,0.101449
stableaudio,clap_1_mean,techno,tf21,0,0.123188
stableaudio,clap_1_mean,techno,tf22,0,0.15942
stableaudio,clap_1_mean,techno,tf23,0,0.094203
stableaudio,clap_1_mean,violin,tf0,0,0.0
stableaudio,clap_1_mean,violin,tf1,0,0.0
stableaudio,clap_1_mean,violin,tf2,0,0.0
stableaudio,clap_1_mean,violin,tf3,0,0.0
stableaudio,clap_1_mean,violin,tf4,0,0.010417
stableaudio,clap_1_mean,violin,tf5,0,0.03125
stableaudio,clap_1_mean,violin,tf6,0,0.0
stableaudio,clap_1_mean,violin,tf7,0,0.010417
stableaudio,clap_1_mean,violin,tf8,0,0.03125
stableaudio,clap_1_mean,violin,tf9,0,0.0
stableaudio,clap_1_mean,violin,tf10,0,0.010417
stableaudio,clap_1_mean,violin,tf11,0,0.020833
stableaudio,clap_1_mean,violin,tf12,0,0.583333
stableaudio,clap_1_mean,violin,tf13,0,0.0
stableaudio,clap_1_mean,violin,tf14,0,0.052083
stableaudio,clap_1_mean,violin,tf15,0,0.0
stableaudio,clap_1_mean,violin,tf16,0,0.0
stableaudio,clap_1_mean,violin,tf17,0,0.0
stableaudio,clap_1_mean,violin,tf18,0,0.0
stableaudio,clap_1_mean,violin,tf19,0,0.020833
stableaudio,clap_1_mean,violin,tf20,0,0.0
stableaudio,clap_1_mean,violin,tf21,0,0.0
stableaudio,clap_1_mean,violin,tf22,0,0.010417
stableaudio,clap_1_mean,violin,tf23,0,0.0
